GENE;ENSEMBL_GENE_ID;ALIAS;COORDINATE(HG38);P1;P2;E1;E2;TAG
ABCG5;ENSG00000138075;;chr2:43812472-43838865;False;True;True;True;OverlapPIDsym
ABCG8;ENSG00000143921;;chr2:43831942-43882988;False;True;True;True;OverlapPIDsym
ACD;ENSG00000102977;;chr16:67657512-67660810;True;True;True;True;IUIS
ACP5;ENSG00000102575;;chr19:11574653-11579993;True;True;True;True;IUIS
ACTB;ENSG00000075624;;chr7:5526409-5563902;True;True;True;True;IUIS
ACTN1;ENSG00000072110;;chr14:68874143-68979440;False;True;True;True;OverlapPIDsym
ADA;ENSG00000196839;;chr20:44584896-44652252;True;True;True;True;IUIS
ADA2;ENSG00000093072;;chr22:17178790-17258235;True;True;True;True;IUIS
ADAM17;ENSG00000151694;;chr2:9488486-9556732;True;True;True;True;IUIS
ADAMTS13;ENSG00000160323;;chr9:133414358-133459402;False;True;True;True;OverlapPIDsym
ADAR1;ENSG00000160710;ADAR;chr1:154581695-154628013;True;True;True;True;IUIS
AICDA;ENSG00000111732;;chr12:8602155-8613242;True;True;True;True;IUIS
AIRE;ENSG00000160224;;chr21:44285838-44298648;True;True;True;True;IUIS
AK2;ENSG00000004455;;chr1:33007986-33080996;True;True;True;True;IUIS
ALPI;ENSG00000163295;;chr2:232456125-232460753;True;True;True;True;IUIS
ALPK1;ENSG00000073331;;chr4:112285509-112442620;True;True;True;True;IUIS2024
ANGPT1;ENSG00000154188;;chr8:107249482-107498055;False;True;True;True;OverlapPIDsym
ANKRD26;ENSG00000107890;;chr10:26973793-27100494;False;True;True;True;OverlapPIDsym
AP1S3;ENSG00000152056;;chr2:223667680-223838027;True;True;True;True;IUIS
AP3B1;ENSG00000132842;;chr5:77991640-78294762;True;True;True;True;IUIS
AP3D1;ENSG00000065000;;chr19:2100988-2164468;True;True;True;True;IUIS
APOL1;ENSG00000100342;;chr22:36253071-36267530;True;True;True;True;IUIS
ARHGEF1;ENSG00000076928;;chr19:41883173-41930150;True;True;True;True;IUIS
ARPC1B;ENSG00000130429;;chr7:99374249-99394816;True;True;True;True;IUIS
ARPC5;ENSG00000162704;;chr1:183620846-183635757;False;False;True;True;IUIS2024
ATAD3A;ENSG00000197785;;chr1:1512162-1534685;False;True;True;True;IUIS2022
ATG4A;ENSG00000101844;;chrX:108091668-108154671;False;True;True;True;IUIS2022
ATM;ENSG00000149311;;chr11:108222804-108369102;True;True;True;True;IUIS
ATP6AP1;ENSG00000071553;;chrX:154428633-154436516;True;True;True;True;IUIS
B2M;ENSG00000166710;;chr15:44711358-44718851;True;True;True;True;IUIS
BACH2;ENSG00000112182;;chr6:89926528-90296843;True;True;True;True;IUIS
BCL10;ENSG00000142867;;chr1:85265776-85276632;True;True;True;True;IUIS
BCL11B;ENSG00000127152;;chr14:99169287-99272197;True;True;True;True;IUIS
BFSP1;ENSG00000125864;;chr20:17493905-17569220;False;True;True;True;OverlapPIDsym
BLM;ENSG00000197299;;chr15:90717346-90816166;True;True;True;True;IUIS
BLNK;ENSG00000095585;;chr10:96189171-96271587;True;True;True;True;IUIS
BRCA1;ENSG00000012048;;chr17:43044295-43170245;True;True;True;True;IUIS
BRCA2;ENSG00000139618;;chr13:32315086-32400268;True;True;True;True;IUIS
BRF1;ENSG00000185024;;chr14:105209286-105315589;False;True;True;True;OverlapPIDsym
BRIP1;ENSG00000136492;;chr17:61679139-61863559;True;True;True;True;IUIS
BTK;ENSG00000010671;;chrX:101349338-101390796;True;True;True;True;IUIS
C1QA;ENSG00000173372;;chr1:22635077-22639678;True;True;True;True;IUIS
C1QB;ENSG00000173369;;chr1:22652762-22661637;True;True;True;True;IUIS
C1QC;ENSG00000159189;;chr1:22643014-22648110;True;True;True;True;IUIS
C1R;ENSG00000159403;;chr12:7080214-7092540;True;True;True;True;IUIS
C1S;ENSG00000182326;;chr12:6988259-7071032;True;True;True;True;IUIS
C2;ENSG00000166278;;chr6:31897785-31945673;True;True;True;True;IUIS
C2ORF69;ENSG00000178074;;chr2:199911293-199955935;False;True;True;True;IUIS2022
C3;ENSG00000125730;;chr19:6677704-6730562;True;True;True;True;IUIS
C4A;ENSG00000244731;;chr6:31982057-32002681;True;True;True;True;IUIS
C4B;ENSG00000224389;;chr6:32014795-32035418;True;True;True;True;IUIS
C5;ENSG00000106804;;chr9:120932987-121075195;True;True;True;True;IUIS
C6;ENSG00000039537;;chr5:41142116-41261438;True;True;True;True;IUIS
C7;ENSG00000112936;;chr5:40909492-41020216;True;True;True;True;IUIS
C8A;ENSG00000157131;;chr1:56854768-56918223;True;True;True;True;IUIS
C8B;ENSG00000021852;;chr1:56929207-56974383;True;True;True;True;IUIS
C8G;ENSG00000176919;;chr9:136945185-136946975;True;True;True;True;IUIS
C9;ENSG00000113600;;chr5:39284140-39371324;True;True;True;True;IUIS
CARD11;ENSG00000198286;;chr7:2906142-3044228;True;True;True;True;IUIS
CARD14;ENSG00000141527;;chr17:80169992-80216073;True;True;True;True;IUIS
CARD9;ENSG00000187796;;chr9:136363956-136373681;True;True;True;True;IUIS
CARMIL2;ENSG00000159753;;chr16:67644988-67657569;True;True;True;True;IUIS
CASP10;ENSG00000003400;;chr2:201182872-201229428;True;True;True;True;IUIS
CASP8;ENSG00000064012;;chr2:201233443-201361836;True;True;True;True;IUIS
CBL;ENSG00000110395;;chr11:119206298-119313926;True;True;True;True;OverlapPIDsym
CBLB;ENSG00000114423;;chr3:105655461-105869552;False;False;True;True;IUIS2024
CCBE1;ENSG00000183287;;chr18:59430939-59697662;True;True;True;True;IUIS
CCDC103;ENSG00000167131;;chr17:44899142-44905390;False;True;True;True;OverlapPIDsym
CCDC39;ENSG00000284862;;chr3:180602858-180684942;False;True;True;True;OverlapPIDsym
CCDC40;ENSG00000141519;;chr17:80036632-80100613;False;True;True;True;OverlapPIDsym
CCDC65;ENSG00000139537;;chr12:48904110-48931840;False;True;True;True;OverlapPIDsym
CCNO;ENSG00000152669;;chr5:55231152-55233608;False;True;True;True;OverlapPIDsym
CCR2;ENSG00000121807;;chr3:46353734-46360928;False;True;True;True;IUIS2024
CD19;ENSG00000177455;;chr16:28931965-28939342;True;True;True;True;IUIS
CD247;ENSG00000198821;CD3Z;chr1:167425027-167518640;True;True;True;True;IUIS
CD27;ENSG00000139193;;chr12:6444955-6451718;True;True;True;True;IUIS
CD274;ENSG00000120217;;chr9:5450503-5470566;False;False;True;True;IUIS2024
CD28;ENSG00000178562;;chr2:203706517-203739756;False;True;True;True;IUIS2022
CD3D;ENSG00000167286;;chr11:118334537-118342705;True;True;True;True;IUIS
CD3E;ENSG00000198851;;chr11:118304730-118316175;True;True;True;True;IUIS
CD3G;ENSG00000160654;;chr11:118344344-118355161;True;True;True;True;IUIS
CD40;ENSG00000101017;;chr20:46118271-46129863;True;True;True;True;IUIS
CD40LG;ENSG00000102245;;chrX:136648158-136660390;True;True;True;True;IUIS
CD46;ENSG00000117335;;chr1:207752037-207795513;True;True;True;True;IUIS
CD55;ENSG00000196352;;chr1:207321519-207386804;True;True;True;True;IUIS
CD59;ENSG00000085063;;chr11:33703010-33736479;True;True;True;True;IUIS
CD70;ENSG00000125726;;chr19:6583183-6604103;True;True;True;True;IUIS
CD79A;ENSG00000105369;;chr19:41877279-41881372;True;True;True;True;IUIS
CD79B;ENSG00000007312;;chr17:63928738-63932336;True;True;True;True;IUIS
CD81;ENSG00000110651;;chr11:2376177-2397802;True;True;True;True;IUIS
CD8A;ENSG00000153563;;chr2:86784610-86808396;True;True;True;True;IUIS
CDC42;ENSG00000070831;;chr1:22052627-22101360;True;True;True;True;IUIS
CDCA7;ENSG00000144354;;chr2:173354820-173368997;True;True;True;True;IUIS
CEBPE;ENSG00000092067;;chr14:23117036-23120256;True;True;True;True;IUIS
CFAP221;ENSG00000163075;;chr2:119544432-119662251;False;True;True;True;OverlapPIDsym
CFAP298;ENSG00000159079;;chr21:32592079-32612603;False;True;True;True;OverlapPIDsym
CFAP300;ENSG00000137691;;chr11:102047437-102084554;False;True;True;True;OverlapPIDsym
CFB;ENSG00000243649;;chr6:31945650-31952086;True;True;True;True;IUIS
CFD;ENSG00000197766;;chr19:859453-867884;True;True;True;True;IUIS
CFH;ENSG00000000971;;chr1:196651754-196752476;True;True;True;True;IUIS
CFHR1;ENSG00000244414;;chr1:196819731-196837159;True;True;True;True;IUIS
CFHR2;ENSG00000080910;;chr1:196943738-196959622;False;True;True;True;IUIS
CFHR3;ENSG00000116785;;chr1:196774813-196795407;False;True;True;True;IUIS
CFHR4;ENSG00000134365;;chr1:196888014-196918795;False;True;True;True;IUIS
CFI;ENSG00000205403;;chr4:109731008-109802150;True;True;True;True;IUIS
CFP;ENSG00000126759;;chrX:47623172-47630305;True;True;True;True;IUIS
CFRH5;ENSG00000134389;CFHR5;chr1:196975010-197009678;False;True;True;True;IUIS
CFTR;ENSG00000001626;;chr7:117287120-117715971;True;True;True;True;IUIS
CHD7;ENSG00000171316;;chr8:60678740-60868028;True;True;True;True;IUIS
CHUK;ENSG00000213341;;chr10:100188300-100229596;False;True;True;True;IUIS2022
CIB1;ENSG00000185043;;chr15:90229975-90234047;True;True;True;True;IUIS
CIITA;ENSG00000179583;;chr16:10866222-10943021;True;True;True;True;IUIS
CLCN7;ENSG00000103249;;chr16:1444934-1475077;True;True;True;True;IUIS
CLEC7A;ENSG00000172243;;chr12:10116777-10130258;True;True;True;True;OverlapPIDsym
CLPB;ENSG00000162129;;chr11:72285495-72434680;True;True;True;True;IUIS
COG6;ENSG00000133103;;chr13:39655627-39791666;True;True;True;True;OverlapPIDsym
COL1A2;ENSG00000164692;;chr7:94394895-94431227;False;True;True;True;OverlapPIDsym
COPA;ENSG00000122218;;chr1:160288594-160343566;True;True;True;True;IUIS
COPG1;ENSG00000181789;;chr3:129249606-129277773;False;True;True;True;IUIS2022
CORO1A;ENSG00000102879;;chr16:30182827-30189076;True;True;True;True;IUIS
CR2;ENSG00000117322;CD21;chr1:207453024-207489895;True;True;True;True;IUIS
CRACR2A;ENSG00000130038;;chr12:3606633-3764819;False;True;True;True;IUIS2022
CSF2RA;ENSG00000198223;;chrY:1268793-1325373;True;True;True;True;IUIS
CSF2RB;ENSG00000100368;;chr22:36913628-36940439;True;True;True;True;IUIS
CSF3R;ENSG00000119535;;chr1:36466043-36483278;True;True;True;True;IUIS
CTC1;ENSG00000178971;;chr17:8224815-8248058;True;True;True;True;IUIS
CTLA4;ENSG00000163599;;chr2:203853888-203873965;True;True;True;True;IUIS
CTNNBL1;ENSG00000132792;;chr20:37694030-37872129;False;True;True;True;IUIS2022
CTPS1;ENSG00000171793;;chr1:40979300-41012565;True;True;True;True;IUIS
CTSC;ENSG00000109861;;chr11:88265069-88359684;True;True;True;True;IUIS
CXCR2;ENSG00000180871;;chr2:218125289-218137251;True;True;True;True;IUIS
CXCR4;ENSG00000121966;;chr2:136114349-136119177;True;True;True;True;IUIS
CYBA;ENSG00000051523;;chr16:88643275-88651083;True;True;True;True;IUIS
CYBB;ENSG00000165168;;chrX:37780018-37813461;True;True;True;True;IUIS
CYBC1;ENSG00000178927;;chr17:82440912-82450829;True;True;True;True;IUIS
CYCS;ENSG00000172115;;chr7:25118656-25125260;False;True;True;True;OverlapPIDsym
DBF4;ENSG00000006634;;chr7:87876216-87909541;False;False;True;True;IUIS2024
DBR1;ENSG00000138231;;chr3:138160988-138174949;True;True;True;True;IUIS
DCLRE1B;ENSG00000118655;SNM1B;chr1:113905141-113914086;True;True;True;True;IUIS2024
DCLRE1C;ENSG00000152457;;chr10:14897359-14954432;True;True;True;True;IUIS
DEF6;ENSG00000023892;;chr6:35297818-35321771;True;True;True;True;IUIS
DIAPH1;ENSG00000131504;;chr5:141515016-141619055;False;True;True;True;IUIS2022
DKC1;ENSG00000130826;;chrX:154762742-154777689;True;True;True;True;IUIS
DNAAF1;ENSG00000154099;;chr16:84145287-84178767;False;True;True;True;OverlapPIDsym
DNAAF11;ENSG00000129295;;chr8:132570416-132675592;False;True;True;True;OverlapPIDsym
DNAAF2;ENSG00000165506;;chr14:49625174-49635244;False;True;True;True;OverlapPIDsym
DNAAF3;ENSG00000167646;;chr19:55158661-55166722;False;True;True;True;OverlapPIDsym
DNAAF4;ENSG00000256061;;chr15:55410525-55508234;False;True;True;True;OverlapPIDsym
DNAAF5;ENSG00000164818;;chr7:726699-786475;False;True;True;True;OverlapPIDsym
DNAH1;ENSG00000114841;;chr3:52316319-52400492;False;True;True;True;OverlapPIDsym
DNAH11;ENSG00000105877;;chr7:21543039-21901839;False;True;True;True;OverlapPIDsym
DNAH5;ENSG00000039139;;chr5:13690328-14011818;False;True;True;True;OverlapPIDsym
DNAH8;ENSG00000124721;;chr6:38715311-39030792;False;True;True;True;OverlapPIDsym
DNAH9;ENSG00000007174;;chr17:11598470-11969748;False;True;True;True;OverlapPIDsym
DNAI1;ENSG00000122735;;chr9:34457414-34520988;False;True;True;True;OverlapPIDsym
DNAI2;ENSG00000171595;;chr17:74274234-74314884;False;True;True;True;OverlapPIDsym
DNAJB13;ENSG00000187726;;chr11:73951026-73970366;False;True;True;True;OverlapPIDsym
DNAJC21;ENSG00000168724;;chr5:34929559-34958964;True;True;True;True;IUIS
DNAL1;ENSG00000119661;;chr14:73644875-73703732;False;True;True;True;OverlapPIDsym
DNASE1L3;ENSG00000163687;;chr3:58192257-58214697;True;True;True;True;IUIS
DNASE2;ENSG00000105612;;chr19:12875209-12881595;True;True;True;True;IUIS
DNMT3B;ENSG00000088305;;chr20:32762385-32809359;True;True;True;True;IUIS
DOCK11;ENSG00000147251;;chrX:118495898-118686163;False;True;True;True;IUIS2024
DOCK2;ENSG00000134516;;chr5:169637268-170083382;True;True;True;True;IUIS
DOCK8;ENSG00000107099;;chr9:214854-465259;True;True;True;True;IUIS
DPP9;ENSG00000142002;;chr19:4675224-4724673;False;False;True;True;IUIS2024
DRC1;ENSG00000157856;;chr2:26401920-26456711;False;True;True;True;OverlapPIDsym
DUT;ENSG00000128951;;chr15:48331011-48343373;False;False;True;True;IUIS2024
DYSF;ENSG00000135636;;chr2:71453561-71686763;False;True;True;True;OverlapPIDsym
EFL1;ENSG00000140598;;chr15:82130206-82262773;True;True;True;True;IUIS
EIF2AK3;ENSG00000172071;;chr2:88556741-88691518;True;True;True;True;OverlapPIDsym
ELANE;ENSG00000197561;;chr19:851014-856247;True;True;True;True;IUIS
ELF4;ENSG00000102034;;chrX:130063955-130110716;False;True;True;True;IUIS2022
EPG5;ENSG00000152223;;chr18:45800581-45967329;True;True;True;True;IUIS
ERBB2IP;ENSG00000112851;ERBIN,ERBB21P;chr5:65883128-66082546;True;True;True;True;IUIS
ERCC4;ENSG00000175595;;chr16:13920138-13952348;True;True;True;True;IUIS
ERCC6L2;ENSG00000182150;;chr9:95871264-96121154;True;True;True;True;IUIS
ERN1;ENSG00000178607;;chr17:64039142-64130819;False;False;True;True;IUIS2024
ETV6;ENSG00000139083;;chr12:11649674-11895377;False;True;True;True;OverlapPIDsym
EXTL3;ENSG00000012232;;chr8:28600469-28756561;True;True;True;True;IUIS
F12;ENSG00000131187;;chr5:177402133-177416583;False;True;True;True;OverlapPIDsym
FAAP24;ENSG00000131944;;chr19:32972209-32978229;True;True;True;True;IUIS
FADD;ENSG00000168040;;chr11:70203296-70207390;True;True;True;True;IUIS
FANCA;ENSG00000187741;;chr16:89726683-89816977;True;True;True;True;IUIS
FANCB;ENSG00000181544;;chrX:14690388-14873255;True;True;True;True;IUIS
FANCC;ENSG00000158169;;chr9:95099054-95426796;True;True;True;True;IUIS
FANCD2;ENSG00000144554;;chr3:10026370-10101932;True;True;True;True;IUIS
FANCE;ENSG00000112039;;chr6:35452338-35467104;True;True;True;True;IUIS
FANCF;ENSG00000183161;;chr11:22622533-22625823;True;True;True;True;IUIS
FANCG;ENSG00000221829;XRCC9;chr9:35073835-35080004;True;True;True;True;IUIS
FANCI;ENSG00000140525;;chr15:89243945-89317261;True;True;True;True;IUIS
FANCL;ENSG00000115392;;chr2:58159243-58241410;True;True;True;True;IUIS
FANCM;ENSG00000187790;;chr14:45135930-45200890;True;True;True;True;IUIS
FAS;ENSG00000026103;TNFRSF6;chr10:88953813-89029605;False;True;True;True;IUIS2022
FASLG;ENSG00000117560;TNFSF6;chr1:172659103-172666876;True;True;True;True;IUIS
FAT4;ENSG00000196159;;chr4:125314918-125492932;True;True;True;True;IUIS
FCGR3A;ENSG00000203747;;chr1:161541759-161550968;True;True;True;True;IUIS
FCHO1;ENSG00000130475;;chr19:17747718-17788568;True;True;True;True;IUIS
FCN3;ENSG00000142748;;chr1:27369110-27374824;True;True;True;True;IUIS
FERMT1;ENSG00000101311;;chr20:6074845-6123214;True;True;True;True;IUIS
FERMT3;ENSG00000149781;;chr11:64205926-64223896;True;True;True;True;IUIS
FLI1;ENSG00000151702;;chr11:128686535-128813267;False;True;True;True;OverlapPIDsym
FLNA;ENSG00000196924;;chrX:154348524-154374634;False;True;True;True;OverlapPIDsym
FLT3LG;ENSG00000090554;;chr19:49474207-49486231;False;False;True;True;IUIS2024
FNIP1;ENSG00000217128;;chr5:131641714-131797017;False;True;True;True;IUIS2022
FOXI3;ENSG00000214336;;chr2:88446787-88452656;False;False;True;True;IUIS2024
FOXJ1;ENSG00000129654;;chr17:76136333-76141245;False;True;True;True;OverlapPIDsym
FOXN1;ENSG00000109101;;chr17:28506243-28538900;True;True;True;True;IUIS
FOXP3;ENSG00000049768;;chrX:49250438-49264800;True;True;True;True;IUIS
FPR1;ENSG00000171051;;chr19:51745172-51804115;True;True;True;True;IUIS
FYB;ENSG00000082074;FYB1;chr5:39105252-39274528;False;True;True;True;OverlapPIDsym
G6PC3;ENSG00000141349;;chr17:44070620-44082151;True;True;True;True;IUIS
G6PD;ENSG00000160211;;chrX:154517825-154547572;True;True;True;True;IUIS
GALE;ENSG00000117308;;chr1:23795599-23800781;False;True;True;True;OverlapPIDsym
GAS2L2;ENSG00000270765;;chr17:35744511-35753239;False;True;True;True;OverlapPIDsym
GAS8;ENSG00000141013;;chr16:90019629-90044975;False;True;True;True;OverlapPIDsym
GATA1;ENSG00000102145;;chrX:48786540-48794311;True;True;True;True;OverlapPIDsym
GATA2;ENSG00000179348;;chr3:128479427-128493201;True;True;True;True;IUIS
GFI1;ENSG00000162676;;chr1:92473043-92486925;True;True;True;True;IUIS
GFI1B;ENSG00000165702;;chr9:132944000-132991687;False;True;True;True;OverlapPIDsym
GIMAP5;ENSG00000196329;;chr7:150722253-150750033;False;False;True;True;IUIS2024
GIMAP6;ENSG00000133561;;chr7:150625375-150632648;False;False;True;True;IUIS2024
GINS1;ENSG00000101003;;chr20:25391008-25452700;True;True;True;True;IUIS
GINS4;ENSG00000147536;;chr8:41529206-41545046;False;False;True;True;IUIS2024
GNE;ENSG00000159921;;chr9:36214441-36277042;False;True;True;True;OverlapPIDsym
GP1BA;ENSG00000185245;;chr17:4932277-4935023;False;True;True;True;OverlapPIDsym
GP9;ENSG00000169704;;chr3:129060779-129062406;False;True;True;True;OverlapPIDsym
GPIBB;ENSG00000203618;GP1BB;chr22:19723539-19724771;False;True;True;True;OverlapPIDsym
GTF3A;ENSG00000122034;;chr13:27424544-27435823;False;False;True;True;IUIS2024
HAVCR2;ENSG00000135077;;chr5:157085422-157142869;True;True;True;True;IUIS
HAX1;ENSG00000143575;;chr1:154272355-154275875;True;True;True;True;IUIS
HCK;ENSG00000101336;;chr20:32052197-32101856;False;False;True;True;IUIS2022
HELLS;ENSG00000119969;;chr10:94545329-94613905;True;True;True;True;IUIS
HMOX1;ENSG00000100292;HMOX;chr22:35380361-35394214;True;True;True;True;IUIS
HOXA11;ENSG00000005073;;chr7:27181157-27185232;False;True;True;True;OverlapPIDsym
HS3ST6;ENSG00000162040;;chr16:1911475-1918415;False;True;True;True;OverlapPIDsym
HYDIN;ENSG00000157423;;chr16:70802084-71230722;False;True;True;True;OverlapPIDsym
HYOU1;ENSG00000149428;;chr11:119044188-119057227;True;True;True;True;IUIS
ICOS;ENSG00000163600;;chr2:203936763-203961577;True;True;True;True;IUIS
ICOSLG;ENSG00000160223;;chr21:44215382-44241446;True;True;True;True;IUIS
IFIH1;ENSG00000115267;;chr2:162267074-162318684;True;True;True;True;IUIS
IFNAR1;ENSG00000142166;;chr21:33324387-33359864;True;True;True;True;IUIS
IFNAR2;ENSG00000159110;;chr21:33205282-33265675;True;True;True;True;IUIS
IFNG;ENSG00000111537;;chr12:68154768-68159740;True;True;True;True;IUIS
IFNGR1;ENSG00000027697;;chr6:137197483-137219449;True;True;True;True;IUIS
IFNGR2;ENSG00000159128;;chr21:33403413-33479348;True;True;True;True;IUIS
IGHM;ENSG00000211899;;chr14:105851705-105856218;True;True;True;True;IUIS
IGKC;ENSG00000211592;;chr2:88857161-88857683;True;True;True;True;IUIS
IGLL1;ENSG00000128322;;chr22:23573125-23580302;True;True;True;True;IUIS
IKBKB;ENSG00000104365;;chr8:42271302-42332460;True;True;True;True;IUIS
IKBKE;ENSG00000263528;;chr1:206470476-206496889;False;False;True;True;IUIS2024
IKBKG;ENSG00000269335;;chrX:154541199-154565046;True;True;True;True;IUIS
IKZF1;ENSG00000185811;;chr7:50304068-50405101;True;True;True;True;IUIS
IKZF2;ENSG00000030419;;chr2:212999691-213152427;True;True;True;True;IUIS
IKZF3;ENSG00000161405;;chr17:39757715-39864312;True;True;True;True;IUIS
IKZF5;ENSG00000095574;;chr10:122990807-123008812;True;True;True;True;OverlapPIDsym
IL-27;ENSG00000172458;IL17D;chr13:20702127-20723098;False;False;True;True;IUIS2024
IL10;ENSG00000136634;;chr1:206767602-206774541;True;True;True;True;IUIS
IL10RA;ENSG00000110324;;chr11:117986370-118003037;True;True;True;True;IUIS
IL10RB;ENSG00000243646;;chr21:33266367-33311420;True;True;True;True;IUIS
IL12B;ENSG00000113302;;chr5:159314780-159330863;True;True;True;True;IUIS
IL12RB1;ENSG00000096996;;chr19:18058995-18098944;True;True;True;True;IUIS
IL12RB2;ENSG00000081985;;chr1:67307364-67398724;True;True;True;True;IUIS
IL17F;ENSG00000112116;;chr6:52236681-52245689;True;True;True;True;IUIS
IL17RA;ENSG00000177663;;chr22:17084954-17115693;True;True;True;True;IUIS
IL17RC;ENSG00000163702;;chr3:9917074-9933630;True;True;True;True;IUIS
IL18BP;ENSG00000137496;;chr11:71998613-72007315;True;True;True;True;IUIS
IL1R1;ENSG00000115594;;chr2:102064544-102179874;False;False;True;True;IUIS2024
IL1RN;ENSG00000136689;;chr2:113099315-113134016;True;True;True;True;IUIS
IL21;ENSG00000138684;;chr4:122610108-122621066;True;True;True;True;IUIS
IL21R;ENSG00000103522;;chr16:27402174-27452042;True;True;True;True;IUIS
IL23R;ENSG00000162594;;chr1:67138907-67259979;True;True;True;True;IUIS
IL27RA;ENSG00000104998;;chr19:14031748-14053216;False;False;True;True;IUIS2024
IL2RA;ENSG00000134460;;chr10:6010689-6062370;True;True;True;True;IUIS
IL2RB;ENSG00000100385;;chr22:37118666-37175118;True;True;True;True;IUIS
IL2RG;ENSG00000147168;;chrX:71107404-71112108;True;True;True;True;IUIS
IL36RN;ENSG00000136695;;chr2:113058638-113065382;True;True;True;True;IUIS
IL6R;ENSG00000160712;;chr1:154405193-154469450;True;True;True;True;IUIS
IL6ST;ENSG00000134352;;chr5:55935095-55995022;True;True;True;True;IUIS
IL7R;ENSG00000168685;;chr5:35852695-35879603;True;True;True;True;IUIS
INO80;ENSG00000128908;;chr15:40978880-41116280;True;True;True;True;IUIS
IRAK1;ENSG00000184216;;chrX:154010506-154019902;True;True;True;True;IUIS
IRAK4;ENSG00000198001;;chr12:43758944-43798307;True;True;True;True;IUIS
IRF1;ENSG00000125347;;chr5:132481609-132490798;False;False;True;True;IUIS2024
IRF2BP2;ENSG00000168264;;chr1:234602300-234610178;True;True;True;True;IUIS
IRF3;ENSG00000126456;;chr19:49659569-49665875;True;True;True;True;IUIS
IRF4;ENSG00000137265;;chr6:391739-411443;True;True;True;True;IUIS
IRF7;ENSG00000185507;;chr11:612553-615983;True;True;True;True;IUIS
IRF8;ENSG00000140968;;chr16:85899116-85922606;True;True;True;True;IUIS
IRF9;ENSG00000213928;;chr14:24161234-24168043;True;True;True;True;IUIS
ISG15;ENSG00000187608;;chr1:1001138-1014540;True;True;True;True;IUIS
ITCH;ENSG00000078747;;chr20:34363235-34511773;True;True;True;True;IUIS
ITGA2B;ENSG00000005961;;chr17:44372180-44389649;False;True;True;True;OverlapPIDsym
ITGB2;ENSG00000160255;;chr21:44885953-44931989;True;True;True;True;IUIS
ITGB3;ENSG00000259207;;chr17:47253827-47313743;False;True;True;True;OverlapPIDsym
ITK;ENSG00000113263;;chr5:157142933-157255185;True;True;True;True;IUIS
ITPKB;ENSG00000143772;;chr1:226631690-226739323;False;True;True;True;IUIS2022
ITPR3;ENSG00000096433;;chr6:33620365-33696574;True;True;True;True;IUIS2024
JAGN1;ENSG00000171135;;chr3:9890574-9894349;True;True;True;True;IUIS
JAK1;ENSG00000162434;;chr1:64833223-65067754;True;True;True;True;IUIS
JAK2;ENSG00000096968;;chr9:4984390-5129948;True;True;True;True;OverlapPIDsym
JAK3;ENSG00000105639;;chr19:17824780-17848071;True;True;True;True;IUIS
KARS1;ENSG00000065427;;chr16:75627474-75648643;False;False;True;True;IUIS2024
KDM6A;ENSG00000147050;;chrX:44873188-45112779;True;True;True;True;IUIS
KMT2A;ENSG00000118058;;chr11:118436456-118526832;True;True;True;True;IUIS
KMT2D;ENSG00000167548;;chr12:49018975-49060794;True;True;True;True;IUIS
KNG1;ENSG00000113889;;chr3:186717348-186744410;False;True;True;True;OverlapPIDsym
LACC1;ENSG00000179630;;chr13:43879284-43893932;False;False;True;True;IUIS2024
LAMTOR2;ENSG00000116586;;chr1:156054782-156058506;True;True;True;True;IUIS
LAT;ENSG00000213658;;chr16:28984826-28990784;True;True;True;True;IUIS
LCK;ENSG00000182866;;chr1:32251244-32286165;True;True;True;True;IUIS
LCP2;ENSG00000043462;SLP76;chr5:170246233-170297815;False;True;True;True;IUIS2022
LIG1;ENSG00000105486;;chr19:48115445-48170603;True;True;True;True;IUIS
LIG4;ENSG00000174405;;chr13:108207439-108218368;True;True;True;True;IUIS
LPIN2;ENSG00000101577;;chr18:2885296-3013144;True;True;True;True;IUIS
LRBA;ENSG00000198589;;chr4:150264435-151015727;True;True;True;True;IUIS
LRRC56;ENSG00000161328;;chr11:537527-554912;False;True;True;True;OverlapPIDsym
LSM11;ENSG00000155858;;chr5:157743712-157760709;False;True;True;True;IUIS2022
LY96;ENSG00000154589;;chr8:73991352-74029087;False;False;True;True;IUIS2024
LYN;ENSG00000254087;;chr8:55879813-56014168;False;False;True;True;IUIS2024
LYST;ENSG00000143669;;chr1:235661041-235883724;True;True;True;True;IUIS
MAD2L2;ENSG00000116670;;chr1:11657230-11691811;True;True;True;True;IUIS
MAGT1;ENSG00000102158;;chrX:77825747-77899271;True;True;True;True;IUIS
MALT1;ENSG00000172175;;chr18:58671465-58754477;True;True;True;True;IUIS
MAN2B1;ENSG00000104774;;chr19:12643831-12666742;False;True;True;True;OverlapPIDsym
MAN2B2;ENSG00000013288;;chr4:6575189-6623362;False;True;True;True;IUIS2022
MAP1LC3B2;ENSG00000258102;;chr12:116548105-116576606;False;True;True;True;IUIS2022
MAP3K14;ENSG00000006062;;chr17:45263119-45317029;True;True;True;True;IUIS
MAPK8;ENSG00000107643;;chr10:48306639-48439360;False;True;True;True;IUIS2022
MASP2;ENSG00000009724;;chr1:11022009-11047239;True;True;True;True;IUIS
MASTL;ENSG00000120539;;chr10:27154824-27187953;False;True;True;True;OverlapPIDsym
MCIDAS;ENSG00000234602;;chr5:55219564-55227315;False;True;True;True;OverlapPIDsym
MCM10;ENSG00000065328;;chr10:13161558-13211110;False;True;True;True;IUIS2022
MCM4;ENSG00000104738;;chr8:47960185-47978160;True;True;True;True;IUIS
MCTS1;ENSG00000232119;;chrX:120594010-120621074;False;True;True;True;IUIS2024
MDFIC;ENSG00000135272;;chr7:114922094-115019917;False;True;True;True;OverlapPIDsym
MECOM1;ENSG00000085276;MECOM;chr3:169083499-169663775;False;True;True;True;IUIS2022
MEFV;ENSG00000103313;;chr16:3242027-3256633;True;True;True;True;IUIS
MKL1;ENSG00000196588;MRTFA;chr22:40410281-40636719;True;True;True;True;IUIS
MOGS;ENSG00000115275;;chr2:74461057-74465410;True;True;True;True;IUIS
MPEG1;ENSG00000197629;;chr11:59208510-59212927;False;True;True;True;OverlapPIDsym
MPL;ENSG00000117400;;chr1:43337818-43354466;False;True;True;True;OverlapPIDsym
MS4A1;ENSG00000156738;CD20;chr11:60455846-60470752;True;True;True;True;IUIS
MSH6;ENSG00000116062;;chr2:47695530-47810063;True;True;True;True;IUIS
MSMO1;ENSG00000052802;;chr4:165327667-165343164;False;True;True;True;OverlapPIDsym
MSN;ENSG00000147065;;chrX:65588377-65741931;True;True;True;True;IUIS
MTHFD1;ENSG00000100714;;chr14:64388031-64463457;True;True;True;True;IUIS
MVK;ENSG00000110921;;chr12:109573255-109598125;True;True;True;True;IUIS
MYD88;ENSG00000172936;;chr3:38138552-38143024;True;True;True;True;IUIS
MYH9;ENSG00000100345;;chr22:36281280-36388010;False;True;True;True;OverlapPIDsym
MYOF;ENSG00000138119;;chr10:93306429-93482334;False;True;True;True;OverlapPIDsym
MYSM1;ENSG00000162601;;chr1:58643440-58700090;True;True;True;True;IUIS
NBAS;ENSG00000151779;;chr2:15166916-15561340;True;True;True;True;IUIS
NBEAL2;ENSG00000160796;;chr3:46979683-47009703;True;True;True;True;IUIS2024
NBN;ENSG00000104320;NBS1;chr8:89924515-90003228;True;True;True;True;IUIS
NCF1;ENSG00000158517;;chr7:74774011-74789315;True;True;True;True;IUIS
NCF2;ENSG00000116701;;chr1:183554461-183590905;True;True;True;True;IUIS
NCF4;ENSG00000100365;;chr22:36860988-36878017;True;True;True;True;IUIS
NCKAP1L;ENSG00000123338;NCKAPIL;chr12:54497752-54548243;True;True;True;True;IUIS
NCSTN;ENSG00000162736;;chr1:160343294-160358952;True;True;True;True;IUIS
NFAT5;ENSG00000102908;;chr16:69565094-69704666;True;True;True;True;IUIS
NFATC1;ENSG00000131196;;chr18:79395856-79529325;False;False;True;True;IUIS2024
NFATC2;ENSG00000101096;;chr20:51386957-51562831;False;False;True;True;IUIS2024
NFE2L2;ENSG00000116044;;chr2:177218667-177392756;True;True;True;True;IUIS
NFKB1;ENSG00000109320;;chr4:102501330-102617302;True;True;True;True;IUIS
NFKB2;ENSG00000077150;;chr10:102394110-102402524;True;True;True;True;IUIS
NFKBIA;ENSG00000100906;;chr14:35401079-35404749;True;True;True;True;IUIS
NHEJ1;ENSG00000187736;;chr2:219069355-219160869;True;True;True;True;IUIS
NHP2;ENSG00000145912;NOLA2;chr5:178149463-178153894;True;True;True;True;IUIS
NLRC4;ENSG00000091106;;chr2:32224453-32265732;True;True;True;True;IUIS
NLRP1;ENSG00000091592;;chr17:5499415-5619424;True;True;True;True;IUIS
NLRP12;ENSG00000142405;;chr19:53792139-53824403;True;True;True;True;IUIS
NLRP3;ENSG00000162711;;chr1:247332331-247449108;True;True;True;True;IUIS
NME8;ENSG00000086288;;chr7:37848597-37900397;False;True;True;True;OverlapPIDsym
NOD2;ENSG00000167207;;chr16:50693588-50733077;True;True;True;True;IUIS
NOP10;ENSG00000182117;NOLA3;chr15:34339159-34343180;True;True;True;True;IUIS
NOS2;ENSG00000007171;;chr17:27756766-27800529;True;True;True;True;IUIS
NSMCE3;ENSG00000185115;;chr15:29264989-29269822;True;True;True;True;IUIS
NUDCD3;ENSG00000015676;;chr7:44379121-44490880;False;False;True;True;IUIS2024
OAS1;ENSG00000089127;;chr12:112905856-112933219;True;True;True;True;IUIS
OAS2;ENSG00000111335;;chr12:112978395-113011723;False;False;True;True;IUIS2024
ODAD1;ENSG00000105479;;chr19:48296457-48321971;False;True;True;True;OverlapPIDsym
ODAD2;ENSG00000169126;;chr10:27775186-27999079;False;True;True;True;OverlapPIDsym
ODAD3;ENSG00000198003;;chr19:11420604-11435782;False;True;True;True;OverlapPIDsym
OFD1;ENSG00000046651;;chrX:13734743-13777955;False;True;True;True;OverlapPIDsym
ORAI1;ENSG00000276045;;chr12:121626509-121643218;True;True;True;True;IUIS
OSTM1;ENSG00000081087;;chr6:108029245-108165854;True;True;True;True;IUIS
OTULIN;ENSG00000154124;;chr5:14664664-14716529;True;True;True;True;IUIS
PALB2;ENSG00000083093;;chr16:23603160-23641321;True;True;True;True;IUIS
PARN;ENSG00000140694;;chr16:14435700-14632728;True;True;True;True;IUIS
PAX1;ENSG00000125813;;chr20:21705659-21718481;False;True;True;True;IUIS2022
PAX5;ENSG00000196092;;chr9:36833275-37034185;False;False;True;True;IUIS2024
PDCD1;ENSG00000188389;;chr2:241849884-241858894;False;False;True;True;IUIS2022
PEPD;ENSG00000124299;;chr19:33386950-33521823;True;True;True;True;IUIS
PGM3;ENSG00000013375;;chr6:83147324-83193936;True;True;True;True;IUIS
PIH1D3;ENSG00000080572;DNAAF6;chrX:107206611-107244247;False;True;True;True;OverlapPIDsym
PIK3CD;ENSG00000171608;PIK3CDGOF;chr1:9629889-9729114;True;True;True;True;IUIS
PIK3CG;ENSG00000105851;;chr7:106865278-106908980;False;True;True;True;IUIS2022
PIK3R1;ENSG00000145675;;chr5:68215740-68301821;True;True;True;True;IUIS
PLCG1;ENSG00000124181;;chr20:41136960-41196801;False;False;True;True;IUIS2024
PLCG2;ENSG00000197943;;chr16:81738248-81962685;True;True;True;True;IUIS
PLEKHM1;ENSG00000225190;;chr17:45435900-45490758;True;True;True;True;IUIS
PLG;ENSG00000122194;;chr6:160702194-160754097;False;True;True;True;OverlapPIDsym
PMS2;ENSG00000122512;;chr7:5970925-6009130;True;True;True;True;IUIS
PMVK;ENSG00000163344;;chr1:154924734-154936991;False;False;True;True;IUIS2024
PNP;ENSG00000198805;;chr14:20461992-20477094;True;True;True;True;IUIS
POLA1;ENSG00000101868;;chrX:24693873-24996986;True;True;True;True;IUIS
POLD1;ENSG00000062822;;chr19:50384204-50418018;True;True;True;True;IUIS
POLD2;ENSG00000106628;;chr7:44114631-44124358;True;True;True;True;IUIS
POLD3;ENSG00000077514;;chr11:74493851-74669117;False;False;True;True;IUIS2024
POLE;ENSG00000177084;POLE1;chr12:132623753-132687376;True;True;True;True;IUIS
POLE2;ENSG00000100479;;chr14:49643555-49688422;True;True;True;True;IUIS
POLR3A;ENSG00000148606;;chr10:77953148-78029522;True;True;True;True;IUIS
POLR3C;ENSG00000186141;;chr1:145824053-145844402;True;True;True;True;IUIS
POLR3F;ENSG00000132664;;chr20:18466878-18484648;True;True;True;True;IUIS
POMP;ENSG00000132963;;chr13:28659065-28678959;True;True;True;True;IUIS
POU2AF1;ENSG00000110777;;chr11:111352255-111455630;False;True;True;True;IUIS2022
POU2F2;ENSG00000028277;;chr19:42086110-42196585;False;True;True;True;OverlapPIDsym
PRF1;ENSG00000180644;;chr10:70597348-70602759;True;True;True;True;IUIS
PRIM1;ENSG00000198056;;chr12:56731596-56752373;False;False;True;True;IUIS2024
PRKACG;ENSG00000165059;;chr9:69012504-69014113;False;True;True;True;OverlapPIDsym
PRKCD;ENSG00000163932;;chr3:53156009-53192717;True;True;True;True;IUIS
PRKDC;ENSG00000253729;;chr8:47773111-47960178;True;True;True;True;IUIS
PSEN1;ENSG00000080815;PSEN;chr14:73136418-73223691;True;True;True;True;IUIS
PSENEN;ENSG00000205155;;chr19:35745600-35747519;True;True;True;True;IUIS
PSMA3;ENSG00000100567;HC8;chr14:58244831-58272012;True;True;True;True;IUIS2024
PSMB10;ENSG00000205220;;chr16:67934502-67937087;False;False;True;True;IUIS2024
PSMB4;ENSG00000159377;;chr1:151399560-151401937;True;True;True;True;IUIS
PSMB8;ENSG00000204264;;chr6:32840717-32844679;True;True;True;True;IUIS
PSMB9;ENSG00000240065;;chr6:32844136-32860734;True;True;True;True;IUIS
PSMD12;ENSG00000197170;;chr17:67337916-67366627;False;False;True;True;IUIS2024
PSMG2;ENSG00000128789;;chr18:12658043-12728945;True;True;True;True;IUIS
PSTPIP1;ENSG00000140368;;chr15:76993359-77037475;True;True;True;True;IUIS
PTCRA;ENSG00000171611;;chr6:42915989-42925835;True;True;True;True;IUIS2024
PTEN;ENSG00000171862;;chr10:87862638-87971930;True;True;True;True;IUIS
PTPRC;ENSG00000081237;;chr1:198638457-198759342;True;True;True;True;IUIS
PTPRJ;ENSG00000149177;;chr11:47980425-48170839;False;True;True;True;OverlapPIDsym
RAB27A;ENSG00000069974;;chr15:55202966-55319113;True;True;True;True;IUIS
RAC2;ENSG00000128340;;chr22:37225270-37259594;True;True;True;True;IUIS
RAD50;ENSG00000113522;;chr5:132556019-132646344;False;True;True;True;IUIS2024
RAD51;ENSG00000051180;;chr15:40694774-40732340;True;True;True;True;IUIS
RAD51C;ENSG00000108384;;chr17:58692573-58735611;True;True;True;True;IUIS
RAG1;ENSG00000166349;;chr11:36510372-36593156;True;True;True;True;IUIS
RAG2;ENSG00000175097;;chr11:36575574-36598279;True;True;True;True;IUIS
RANBP2;ENSG00000153201;;chr2:108719482-108785810;True;True;True;True;IUIS
RASGRP1;ENSG00000172575;;chr15:38488103-38565575;True;True;True;True;IUIS
RBCK1;ENSG00000125826;;chr20:407498-432139;True;True;True;True;IUIS
RBM8A;ENSG00000265241;;chr1:145921556-145927678;False;True;True;True;OverlapPIDsym
RECQL4;ENSG00000160957;;chr8:144511288-144517845;False;False;True;True;IUIS2024
REL;ENSG00000162924;;chr2:60881491-60931612;True;True;True;True;IUIS
RELA;ENSG00000173039;;chr11:65653599-65663090;True;True;True;True;IUIS
RELB;ENSG00000104856;;chr19:45001461-45038192;True;True;True;True;IUIS
RFWD3;ENSG00000168411;;chr16:74621399-74666877;True;True;True;True;IUIS
RFX5;ENSG00000143390;;chr1:151340640-151347326;True;True;True;True;IUIS
RFXANK;ENSG00000064490;;chr19:19192229-19201869;True;True;True;True;IUIS
RFXAP;ENSG00000133111;;chr13:36819222-36829104;True;True;True;True;IUIS
RHBDF2;ENSG00000129667;;chr17:76470891-76501790;False;False;True;True;IUIS2024
RHOG;ENSG00000177105;;chr11:3826978-3840959;False;True;True;True;IUIS2022
RHOH;ENSG00000168421;;chr4:40191011-40246967;True;True;True;True;IUIS
RIGI;ENSG00000107201;DDX58;chr9:32455302-32526348;True;True;True;True;OverlapPIDsym
RIPK1;ENSG00000137275;;chr6:3063824-3115187;True;True;True;True;IUIS
RIPK3;ENSG00000129465;;chr14:24336021-24340045;False;False;True;True;IUIS2024
RMRP;ENSG00000277027;;chr9:35657754-35658017;True;True;True;True;IUIS
RNASEH2A;ENSG00000104889;;chr19:12806584-12813640;True;True;True;True;IUIS
RNASEH2B;ENSG00000136104;;chr13:50909747-51024120;True;True;True;True;IUIS
RNASEH2C;ENSG00000172922;;chr11:65714005-65720818;True;True;True;True;IUIS
RNASEL;ENSG00000135828;;chr1:182573634-182589256;False;False;True;True;IUIS2024
RNF168;ENSG00000163961;;chr3:196468783-196503768;True;True;True;True;IUIS
RNF31;ENSG00000092098;;chr14:24146683-24160660;True;True;True;True;IUIS
RNU4ATAC;ENSG00000264229;;chr2:121530881-121531007;True;True;True;True;IUIS
RNU7-1;ENSG00000238923;;chr12:6943816-6943878;False;True;True;True;IUIS2022
RORC;ENSG00000143365;;chr1:151806071-151831845;True;True;True;True;IUIS
RPSA;ENSG00000168028;;chr3:39406716-39426255;True;True;True;True;IUIS
RSPH1;ENSG00000160188;;chr21:42472486-42496246;False;True;True;True;OverlapPIDsym
RSPH3;ENSG00000130363;;chr6:158970084-159000202;False;True;True;True;OverlapPIDsym
RSPH4A;ENSG00000111834;;chr6:116616479-116632985;False;True;True;True;OverlapPIDsym
RSPH9;ENSG00000172426;;chr6:43645036-43672600;False;True;True;True;OverlapPIDsym
RTEL1;ENSG00000258366;;chr20:63657810-63696253;True;True;True;True;IUIS
RUNX1;ENSG00000159216;;chr21:34787801-36004667;True;True;True;True;OverlapPIDsym
SAMD9;ENSG00000205413;;chr7:93099513-93118023;True;True;True;True;IUIS
SAMD9L;ENSG00000177409;;chr7:93130056-93148385;True;True;True;True;IUIS
SAMHD1;ENSG00000101347;;chr20:36890229-36951893;True;True;True;True;IUIS
SASH3;ENSG00000122122;;chrX:129779949-129795201;False;True;True;True;IUIS2022
SBDS;ENSG00000126524;;chr7:66987680-66995693;True;True;True;True;IUIS
SEC61A1;ENSG00000058262;;chr3:128051641-128071705;True;True;True;True;IUIS
SEMA3E;ENSG00000170381;;chr7:83363238-83649139;True;True;True;True;IUIS
SERPING1;ENSG00000149131;;chr11:57597387-57619171;True;True;True;True;IUIS
SGPL1;ENSG00000166224;;chr10:70815961-70881173;False;False;True;True;IUIS2024
SH2B3;ENSG00000111252;;chr12:111405948-111451623;False;False;True;True;IUIS2024
SH2D1A;ENSG00000183918;;chrX:124227868-124373197;True;True;True;True;IUIS
SH3BP2;ENSG00000087266;;chr4:2793023-2841291;True;True;True;True;IUIS
SH3KBP1;ENSG00000147010;;chrX:19533977-19887600;True;True;True;True;IUIS
SHARPIN;ENSG00000179526;;chr8:144098633-144108124;False;True;True;True;IUIS2024
SKIV2L;ENSG00000204351;SKIC2;chr6:31959116-31969818;True;True;True;True;IUIS
SLC11A1;ENSG00000018280;;chr2:218382029-218396894;True;True;True;True;OverlapPIDsym
SLC19A1;ENSG00000173638;;chr21:45493572-45544411;False;False;True;True;IUIS2024
SLC29A3;ENSG00000198246;;chr10:71319259-71381423;True;True;True;True;IUIS
SLC35C1;ENSG00000181830;;chr11:45804072-45813016;True;True;True;True;IUIS
SLC37A4;ENSG00000137700;G6PT1;chr11:119023751-119030906;True;True;True;True;IUIS
SLC39A7;ENSG00000112473;;chr6:33200305-33204439;True;True;True;True;IUIS
SLC46A1;ENSG00000076351;;chr17:28394642-28407197;True;True;True;True;IUIS
SLC7A7;ENSG00000155465;;chr14:22773222-22829820;True;True;True;True;IUIS
SLFN14;ENSG00000236320;;chr17:35543985-35560819;False;True;True;True;OverlapPIDsym
SLX4;ENSG00000188827;;chr16:3581181-3611606;True;True;True;True;IUIS
SMAD9;ENSG00000120693;;chr13:36844831-36920887;True;True;True;True;OverlapPIDsym
SMARCAL1;ENSG00000138375;;chr2:216412383-216483053;True;True;True;True;IUIS
SMARCD2;ENSG00000108604;;chr17:63832081-63843065;True;True;True;True;IUIS
SNORA31;ENSG00000199477;;chr13:45337480-45337609;False;True;True;True;IUIS2022
SNX10;ENSG00000086300;;chr7:26291862-26374383;True;True;True;True;IUIS
SOCS1;ENSG00000185338;;chr16:11254417-11256204;False;True;True;True;IUIS2022
SP110;ENSG00000135899;;chr2:230165186-230225729;True;True;True;True;IUIS
SPEF2;ENSG00000152582;;chr5:35617844-35814611;False;True;True;True;OverlapPIDsym
SPI1;ENSG00000066336;;chr11:47354860-47409369;False;False;True;True;IUIS2022
SPINK5;ENSG00000133710;;chr5:148025683-148137382;True;True;True;True;IUIS
SPPL2A;ENSG00000138600;;chr15:50702266-50765948;True;True;True;True;IUIS
SRC;ENSG00000197122;;chr20:37344685-37406050;False;True;True;True;OverlapPIDsym
SRP19;ENSG00000153037;;chr5:112861188-112898371;False;False;True;True;IUIS2024
SRP54;ENSG00000100883;;chr14:34981957-35029686;True;True;True;True;IUIS
SRP72;ENSG00000174780;;chr4:56467617-56503681;True;True;True;True;IUIS
SRPRA;ENSG00000182934;;chr11:126262919-126269144;False;False;True;True;IUIS2024
STAT1;ENSG00000115415;;chr2:190908460-191020960;True;True;True;True;IUIS
STAT2;ENSG00000170581;;chr12:56341597-56360203;True;True;True;True;IUIS
STAT3;ENSG00000168610;;chr17:42313324-42388568;True;True;True;True;IUIS
STAT4;ENSG00000138378;;chr2:191029576-191151596;False;False;True;True;IUIS2024
STAT5B;ENSG00000173757;;chr17:42199176-42288633;True;True;True;True;IUIS
STAT6;ENSG00000166888;;chr12:57095408-57132139;False;True;True;True;IUIS2024
STIM1;ENSG00000167323;;chr11:3854527-4093210;True;True;True;True;IUIS
STK36;ENSG00000163482;;chr2:218672069-218702716;False;True;True;True;OverlapPIDsym
STK4;ENSG00000101109;;chr20:44966494-45084214;False;True;True;True;IUIS
STN1;ENSG00000107960;;chr10:103856806-103918332;True;True;True;True;IUIS
STX11;ENSG00000135604;;chr6:144150487-144191939;True;True;True;True;IUIS
STXBP2;ENSG00000076944;;chr19:7636772-7647873;True;True;True;True;IUIS
SULT2B1;ENSG00000088002;;chr19:48552172-48599425;False;True;True;True;OverlapPIDsym
SYK;ENSG00000165025;;chr9:90801787-90898549;False;True;True;True;IUIS2022
TAP1;ENSG00000168394;;chr6:32845209-32853816;True;True;True;True;IUIS
TAP2;ENSG00000204267;;chr6:32821833-32838739;True;True;True;True;IUIS
TAPBP;ENSG00000231925;;chr6:33299694-33314284;True;True;True;True;IUIS
TAZ;ENSG00000102125;TAFAZZIN;chrX:154411524-154421726;True;True;True;True;IUIS
TBK1;ENSG00000183735;;chr12:64452090-64502114;True;True;True;True;IUIS
TBX1;ENSG00000184058;;chr22:19756703-19783593;True;True;True;True;IUIS
TBX21;ENSG00000073861;;chr17:47733236-47746122;False;True;True;True;IUIS2022
TCF3;ENSG00000071564;;chr19:1609291-1652615;True;True;True;True;IUIS
TCIRG1;ENSG00000110719;;chr11:68039025-68050895;True;True;True;True;IUIS
TCN2;ENSG00000185339;;chr22:30607003-30627271;True;True;True;True;IUIS
TERC;ENSG00000270141;;chr3:169764063-169765158;True;True;True;True;IUIS
TERT;ENSG00000164362;;chr5:1253147-1295068;True;True;True;True;IUIS
TET2;ENSG00000168769;;chr4:105145875-105279816;False;True;True;True;IUIS2022
TFRC;ENSG00000072274;;chr3:196012511-196082153;True;True;True;True;IUIS
TGFB1;ENSG00000105329;;chr19:41301587-41353922;True;True;True;True;IUIS
TGFBR1;ENSG00000106799;;chr9:99104038-99154192;True;True;True;True;IUIS
TGFBR2;ENSG00000163513;;chr3:30606478-30694249;True;True;True;True;IUIS
THBD;ENSG00000178726;;chr20:23045633-23049672;True;True;True;True;IUIS
THPO;ENSG00000090534;;chr3:184371935-184381968;True;True;True;True;OverlapPIDsym
TICAM1;ENSG00000127666;;chr19:4815932-4831712;True;True;True;True;IUIS
TINF2;ENSG00000092330;;chr14:24238286-24242663;True;True;True;True;IUIS
TIRAP;ENSG00000150455;;chr11:126282497-126298845;True;True;True;True;IUIS
TLR3;ENSG00000164342;;chr4:186068911-186088073;True;True;True;True;IUIS
TLR4;ENSG00000136869;;chr9:117704175-117724730;False;False;True;True;IUIS2024
TLR7;ENSG00000196664;;chrX:12867072-12890361;True;True;True;True;IUIS
TLR8;ENSG00000101916;;chrX:12906620-12923169;False;True;True;True;IUIS2022
TMC6;ENSG00000141524;;chr17:78107397-78132407;True;True;True;True;IUIS
TMC8;ENSG00000167895;;chr17:78130770-78142968;True;True;True;True;IUIS
TMEM173;ENSG00000184584;STING1;chr5:139475533-139482935;True;True;True;True;IUIS
TNFAIP3;ENSG00000118503;;chr6:137867214-137883314;True;True;True;True;IUIS
TNFRSF11A;ENSG00000141655;;chr18:62325287-62391288;True;True;True;True;IUIS
TNFRSF13B;ENSG00000240505;;chr17:16929816-16972118;True;True;True;True;IUIS
TNFRSF13C;ENSG00000159958;;chr22:41922032-41926806;True;True;True;True;IUIS
TNFRSF1A;ENSG00000067182;;chr12:6328757-6342114;True;True;True;True;IUIS
TNFRSF4;ENSG00000186827;;chr1:1211326-1214153;True;True;True;True;IUIS
TNFRSF9;ENSG00000049249;;chr1:7915871-7943165;True;True;True;True;IUIS
TNFSF11;ENSG00000120659;;chr13:42562736-42608013;True;True;True;True;IUIS
TNFSF12;ENSG00000239697;;chr17:7548508-7557890;True;True;True;True;IUIS
TNFSF13;ENSG00000161955;;chr17:7558292-7561608;False;True;True;True;IUIS2022
TNFSF9;ENSG00000125657;;chr19:6530999-6535928;False;False;True;True;IUIS2024
TOM1;ENSG00000100284;;chr22:35299275-35347992;False;True;True;True;OverlapPIDsym
TOP2B;ENSG00000077097;;chr3:25597978-25664909;True;True;True;True;IUIS
TP53;ENSG00000141510;;chr17:7661779-7687546;True;True;True;True;IUIS
TPM4;ENSG00000167460;;chr19:16067021-16103005;False;True;True;True;OverlapPIDsym
TPP2;ENSG00000134900;;chr13:102596958-102679958;True;True;True;True;IUIS
TRAC;ENSG00000277734;;chr14:22547506-22552156;True;True;True;True;IUIS
TRAF3;ENSG00000131323;;chr14:102777449-102911500;True;True;True;True;IUIS
TRAF3IP2;ENSG00000056972;;chr6:111555381-111606906;True;True;True;True;IUIS
TREX1;ENSG00000213689;;chr3:48465811-48467645;True;True;True;True;IUIS
TRIM22;ENSG00000132274;;chr11:5689610-5737089;True;True;True;True;IUIS
TRNT1;ENSG00000072756;;chr3:3126933-3153435;True;True;True;True;IUIS
TRPM7;ENSG00000092439;;chr15:50552473-50686797;False;True;True;True;OverlapPIDsym
TTC25;ENSG00000204815;ODAD4;chr17:41930617-41966503;False;True;True;True;OverlapPIDsym
TTC37;ENSG00000198677;SKIC3;chr5:95461755-95555050;True;True;True;True;IUIS
TTC7A;ENSG00000068724;;chr2:46915869-47076137;True;True;True;True;IUIS
TUBB1;ENSG00000101162;;chr20:59019429-59026654;False;True;True;True;OverlapPIDsym
TYK2;ENSG00000105397;;chr19:10350528-10380608;True;True;True;True;IUIS
UBA1;ENSG00000130985;;chrX:47190861-47215128;False;True;True;True;OverlapPIDsym
UBE2T;ENSG00000077152;;chr1:202331544-202341984;True;True;True;True;IUIS
UNC13D;ENSG00000092929;;chr17:75827225-75844785;True;True;True;True;IUIS
UNC93B1;ENSG00000110057;;chr11:67991100-68004982;True;True;True;True;IUIS
UNG;ENSG00000076248;;chr12:109097597-109126725;True;True;True;True;IUIS
USB1;ENSG00000103005;;chr16:57999546-58021618;True;True;True;True;IUIS
USP18;ENSG00000184979;;chr22:18149843-18177397;True;True;True;True;IUIS
VPS13B;ENSG00000132549;;chr8:99013266-99877580;True;True;True;True;IUIS
VPS45;ENSG00000136631;;chr1:150067279-150145329;True;True;True;True;IUIS
VWF;ENSG00000110799;;chr12:5948877-6124770;False;False;True;True;OverlapPIDsym
WAS;ENSG00000015285;;chrX:48676596-48691431;True;True;True;True;IUIS
WDR1;ENSG00000071127;;chr4:10068089-10116972;True;True;True;True;IUIS
WIPF1;ENSG00000115935;;chr2:174559572-174682916;True;True;True;True;IUIS
WRAP53;ENSG00000141499;;chr17:7686071-7703502;True;True;True;True;IUIS
XIAP;ENSG00000101966;;chrX:123859712-123913972;True;True;True;True;IUIS
XRCC2;ENSG00000196584;;chr7:152644776-152676193;True;True;True;True;IUIS
ZAP70;ENSG00000115085;;chr2:97713576-97744327;True;True;True;True;IUIS
ZBTB24;ENSG00000112365;;chr6:109460632-109483239;True;True;True;True;IUIS
ZMYND10;ENSG00000004838;;chr3:50341110-50345732;False;True;True;True;OverlapPIDsym
ZNF341;ENSG00000131061;;chr20:33731657-33792269;True;True;True;True;IUIS
ZNFX1;ENSG00000124201;;chr20:49237946-49278426;False;True;True;True;IUIS2022
